date,temp,pressure,altitude,sealevel_pressure,humidity,temp_dht
2015-07-19 17:53:24.536266,30.2,101375,-4.24512120158044,101376.0,61.79999923706055,30.100000381469727
2015-07-19 17:54:25.178986,30.3,101383,-5.24372193555056,101382.0,61.79999923706055,30.200000762939453
2015-07-19 17:55:25.797809,30.3,101385,-4.910865658099595,101386.0,61.599998474121094,30.200000762939453
2015-07-19 17:56:26.440285,30.3,101382,-5.4101460869085605,101394.0,61.70000076293945,30.200000762939453
2015-07-19 17:57:27.082471,30.3,101384,-4.910865658099595,101386.0,61.70000076293945,30.200000762939453
2015-07-19 17:58:27.724957,30.2,101388,-5.4101460869085605,101387.0,61.79999923706055,30.200000762939453
2015-07-19 17:59:28.367319,30.3,101381,-4.910865658099595,101388.0,61.79999923706055,30.100000381469727
2015-07-19 18:00:28.965885,30.3,101376,-4.744433531819608,101384.0,61.0,30.100000381469727
2015-07-19 18:01:29.608111,30.2,101386,-4.161900153505154,101384.0,60.5,30.200000762939453
2015-07-19 18:02:30.250282,30.3,101373,-3.412880807573828,101382.0,60.5,30.200000762939453
2015-07-19 18:03:30.892519,30.3,101379,-4.910865658099595,101382.0,60.400001525878906,30.100000381469727
2015-07-19 18:04:31.534546,30.3,101369,-3.912233020996392,101369.0,60.79999923706055,30.100000381469727
2015-07-19 18:05:34.708122,30.3,101378,-3.912233020996392,101384.0,61.20000076293945,30.200000762939453
2015-07-19 18:06:35.350337,30.3,101378,-4.6612164717417714,101378.0,61.20000076293945,30.100000381469727
2015-07-19 18:07:35.965885,30.3,101381,-4.411561303648619,101384.0,61.20000076293945,30.100000381469727
2015-07-19 18:08:36.608099,30.3,101376,-3.995456063222973,101379.0,61.0,30.100000381469727
2015-07-19 18:09:37.250257,30.3,101386,-4.411561303648619,101379.0,61.0,30.100000381469727
2015-07-19 18:10:37.892405,30.3,101375,-4.24512120158044,101376.0,60.900001525878906,30.100000381469727
2015-07-19 18:11:46.118439,30.3,101367,-3.995456063222973,101369.0,61.29999923706055,30.100000381469727
2015-07-19 18:12:46.760670,30.3,101372,-3.912233020996392,101372.0,61.29999923706055,30.100000381469727
2015-07-19 18:13:47.402824,30.3,101366,-3.995456063222973,101373.0,61.400001525878906,30.100000381469727
2015-07-19 18:14:48.045072,30.3,101369,-3.496107838447513,101378.0,61.20000076293945,30.100000381469727
2015-07-19 18:15:48.687039,30.3,101364,-3.6625599057876634,101366.0,61.20000076293945,30.100000381469727
2015-07-19 18:16:49.329246,30.3,101367,-2.996735680755891,101364.0,61.29999923706055,30.100000381469727
2015-07-19 18:17:49.966011,30.3,101361,-2.996735680755891,101364.0,61.400001525878906,30.100000381469727
2015-07-19 18:18:50.608412,30.3,101358,-2.497339587598708,101360.0,61.70000076293945,30.100000381469727
2015-07-19 18:19:53.778736,30.3,101352,-2.996735680755891,101350.0,61.400001525878906,30.100000381469727
2015-07-19 18:20:54.421064,30.3,101347,-1.8314408926689763,101350.0,61.400001525878906,30.100000381469727
2015-07-19 18:21:55.063271,30.3,101360,-2.247632564415847,101357.0,61.5,30.100000381469727
2015-07-19 18:22:55.705487,30.3,101349,-1.7482005632371367,101349.0,61.5,30.100000381469727
2015-07-19 18:23:58.875864,30.3,101346,-1.4984755846113207,101340.0,61.79999923706055,30.100000381469727
2015-07-19 18:24:59.517937,30.3,101343,-0.9990076696626327,101349.0,61.79999923706055,30.100000381469727
2015-07-19 18:26:00.160152,30.3,101334,-0.9157606891750114,101331.0,61.79999923706055,30.100000381469727
2015-07-19 18:27:00.793905,30.3,101336,-0.9990076696626327,101339.0,61.79999923706055,30.100000381469727
2015-07-19 18:28:01.417944,30.3,101341,-0.9990076696626327,101343.0,61.900001525878906,30.100000381469727
2015-07-19 18:29:02.060346,30.3,101344,-1.331988940104547,101343.0,61.900001525878906,30.100000381469727
2015-07-19 18:30:02.702569,30.3,101336,-1.5817179092279954,101336.0,61.900001525878906,30.100000381469727
2015-07-19 18:31:03.344915,30.3,101337,-1.4152325949067857,101340.0,61.70000076293945,30.100000381469727
2015-07-19 18:32:03.965780,30.3,101330,-1.4152325949067857,101337.0,61.599998474121094,30.100000381469727
2015-07-19 18:33:04.608084,30.3,101337,-0.666015756663294,101331.0,61.5,30.100000381469727
2015-07-19 18:34:05.250378,30.3,101333,-0.749264732690107,101327.0,61.79999923706055,30.100000381469727
2015-07-19 18:35:08.420848,30.3,101340,-0.9157606891750114,101340.0,62.29999923706055,30.200000762939453
2015-07-19 18:36:09.063209,30.3,101337,-1.664959568766653,101337.0,62.29999923706055,30.100000381469727
2015-07-19 18:37:09.705441,30.3,101346,-1.165499635157743,101343.0,62.29999923706055,30.200000762939453
2015-07-19 18:38:10.347672,30.3,101334,-1.165499635157743,101337.0,62.20000076293945,30.200000762939453
2015-07-19 18:39:10.965919,30.3,101346,-1.9146805570523284,101339.0,62.5,30.100000381469727
2015-07-19 18:40:11.608234,30.3,101343,-1.4984755846113207,101333.0,62.70000076293945,30.200000762939453
2015-07-19 18:41:12.250418,30.3,101340,-1.9146805570523284,101350.0,63.099998474121094,30.200000762939453
2015-07-19 18:42:12.865985,30.3,101339,-1.7482005632371367,101345.0,63.099998474121094,30.100000381469727
2015-07-19 18:43:16.036538,30.3,101340,-1.4152325949067857,101343.0,63.29999923706055,30.200000762939453
2015-07-19 18:44:16.678778,30.3,101342,-0.9990076696626327,101346.0,63.29999923706055,30.100000381469727
2015-07-19 18:45:17.321137,30.3,101333,-0.9157606891750114,101345.0,63.5,30.200000762939453
2015-07-19 18:46:17.963392,30.3,101340,-1.4984755846113207,101337.0,63.70000076293945,30.100000381469727
2015-07-19 18:47:18.605863,30.3,101341,-1.8314408926689763,101343.0,63.70000076293945,30.100000381469727
2015-07-19 18:48:19.248186,30.3,101340,-1.8314408926689763,101341.0,63.5,30.100000381469727
2015-07-19 18:49:19.890493,30.3,101344,-1.5817179092279954,101344.0,63.099998474121094,30.100000381469727
2015-07-19 18:50:23.064347,30.2,101343,-2.0811578907424733,101349.0,63.20000076293945,30.100000381469727
2015-07-19 18:51:23.706408,30.2,101341,-1.9979195563970364,101338.0,63.20000076293945,30.100000381469727
2015-07-19 18:52:26.877194,30.3,101343,-1.2487446201947616,101343.0,63.70000076293945,30.100000381469727
2015-07-19 18:53:27.519461,30.3,101350,-1.5817179092279954,101344.0,63.70000076293945,30.100000381469727
2015-07-19 18:54:28.161854,30.3,101349,-1.7482005632371367,101346.0,63.900001525878906,30.100000381469727
2015-07-19 18:55:28.804346,30.3,101347,-1.5817179092279954,101342.0,63.79999923706055,30.100000381469727
2015-07-19 18:56:29.446726,30.3,101344,-1.0822539849738044,101340.0,63.900001525878906,30.100000381469727
2015-07-19 18:57:30.089483,30.3,101337,-1.4152325949067857,101337.0,63.79999923706055,30.100000381469727
2015-07-19 18:58:30.731872,30.3,101333,-0.9157606891750114,101330.0,63.70000076293945,30.100000381469727
2015-07-19 18:59:31.374173,30.3,101331,-0.749264732690107,101328.0,63.70000076293945,30.200000762939453
2015-07-19 19:00:34.522217,30.3,101331,-0.666015756663294,101322.0,63.400001525878906,30.200000762939453
2015-07-19 19:01:35.164498,30.3,101342,-0.24976089818361746,101331.0,63.400001525878906,30.200000762939453
2015-07-19 19:02:35.806805,30.3,101342,-1.664959568766653,101337.0,63.5,30.200000762939453
2015-07-19 19:03:36.449156,30.4,101337,-0.4995158089818874,101334.0,63.599998474121094,30.200000762939453
2015-07-19 19:04:37.091358,30.4,101342,-1.4152325949067857,101346.0,64.19999694824219,30.200000762939453
2015-07-19 19:05:37.733565,30.4,101340,-1.664959568766653,101345.0,63.900001525878906,30.200000762939453
2015-07-19 19:06:40.904277,30.4,101337,-1.2487446201947616,101333.0,63.70000076293945,30.200000762939453
2015-07-19 19:07:44.074735,30.4,101343,-1.4152325949067857,101340.0,63.70000076293945,30.200000762939453
2015-07-19 19:08:44.717105,30.4,101337,-0.9990076696626327,101336.0,63.5,30.200000762939453
2015-07-19 19:09:47.834174,30.4,101337,-0.9990076696626327,101340.0,63.099998474121094,30.200000762939453
2015-07-19 19:10:48.476536,30.4,101345,-1.664959568766653,101339.0,63.099998474121094,30.200000762939453
2015-07-19 19:11:49.118811,30.4,101343,-1.2487446201947616,101339.0,63.0,30.200000762939453
2015-07-19 19:12:49.761149,30.4,101336,-1.2487446201947616,101336.0,63.099998474121094,30.200000762939453
2015-07-19 19:13:50.403328,30.4,101342,-1.4984755846113207,101334.0,63.20000076293945,30.200000762939453
2015-07-19 19:14:51.001982,30.4,101339,-1.165499635157743,101348.0,63.400001525878906,30.200000762939453
2015-07-19 19:15:59.229010,30.4,101339,-0.9157606891750114,101330.0,63.70000076293945,30.200000762939453
2015-07-19 19:16:59.871263,30.4,101343,-2.830272975986643,101345.0,63.70000076293945,30.200000762939453
2015-07-19 19:18:00.513896,30.3,101348,-1.4152325949067857,101348.0,63.79999923706055,30.200000762939453
2015-07-19 19:19:01.156263,30.3,101342,-1.7482005632371367,101349.0,63.5,30.200000762939453
2015-07-19 19:20:01.797958,30.3,101352,-2.497339587598708,101350.0,63.5,30.200000762939453
2015-07-19 19:21:02.440284,30.3,101345,-1.9979195563970364,101352.0,63.099998474121094,30.200000762939453
2015-07-19 19:22:03.082384,30.3,101350,-2.247632564415847,101349.0,62.79999923706055,30.100000381469727
2015-07-19 19:23:03.724601,30.3,101361,-2.996735680755891,101358.0,62.5,30.100000381469727
2015-07-19 19:24:04.366914,30.3,101360,-3.246424751370023,101358.0,61.900001525878906,30.100000381469727
2015-07-19 19:25:05.001852,30.3,101369,-2.747040626270447,101366.0,61.70000076293945,30.100000381469727
2015-07-19 19:26:08.172274,30.2,101358,-3.246424751370023,101367.0,61.5,30.100000381469727
2015-07-19 19:27:11.342631,30.2,101364,-3.6625599057876634,101369.0,61.20000076293945,30.0
2015-07-19 19:28:11.984666,30.2,101361,-3.912233020996392,101370.0,61.20000076293945,30.100000381469727
2015-07-19 19:29:12.577733,30.2,101349,-1.9979195563970364,101349.0,60.900001525878906,30.0
2015-07-19 19:30:13.219876,30.2,101358,-2.747040626270447,101352.0,60.79999923706055,30.0
2015-07-19 19:31:13.862084,30.2,101364,-3.5793342045089482,101362.0,60.70000076293945,30.0
2015-07-19 19:32:14.504253,30.2,101365,-3.3296531118878936,101362.0,60.599998474121094,30.0
2015-07-19 19:33:15.146319,30.2,101367,-2.747040626270447,101358.0,60.400001525878906,30.0
2015-07-19 19:34:18.316667,30.1,101356,-2.1643955600689524,101364.0,59.5,29.899999618530273
2015-07-19 19:35:18.958695,30.1,101361,-2.996735680755891,101359.0,59.5,29.899999618530273
2015-07-19 19:36:19.600961,30.1,101359,-3.0799660358187864,101364.0,59.20000076293945,29.899999618530273
2015-07-19 19:37:20.243323,30.1,101364,-3.0799660358187864,101356.0,58.900001525878906,29.899999618530273
2015-07-19 19:38:20.865795,30.1,101364,-3.3296531118878936,101358.0,58.599998474121094,29.899999618530273
2015-07-19 19:39:21.508029,30.1,101364,-3.496107838447513,101364.0,58.400001525878906,29.899999618530273
2015-07-19 19:40:22.150227,30.0,101358,-2.497339587598708,101356.0,58.5,29.899999618530273
2015-07-19 19:41:22.792489,30.1,101358,-2.747040626270447,101356.0,58.599998474121094,29.799999237060547
2015-07-19 19:42:23.434759,30.0,101348,-1.8314408926689763,101341.0,59.0,29.799999237060547
2015-07-19 19:43:24.076967,30.0,101355,-2.747040626270447,101356.0,59.29999923706055,29.799999237060547
2015-07-19 19:44:24.719087,30.0,101339,-1.664959568766653,101341.0,59.20000076293945,29.799999237060547
2015-07-19 19:45:25.361404,30.0,101345,-1.5817179092279954,101344.0,58.900001525878906,29.799999237060547
2015-07-19 19:46:26.001949,30.0,101345,-1.664959568766653,101341.0,58.599998474121094,29.799999237060547
2015-07-19 19:47:26.644123,30.0,101343,-1.664959568766653,101339.0,58.29999923706055,29.799999237060547
2015-07-19 19:48:27.286204,29.9,101340,-1.165499635157743,101339.0,58.20000076293945,29.799999237060547
2015-07-19 19:49:27.928441,29.9,101337,-1.4152325949067857,101345.0,57.900001525878906,29.799999237060547
2015-07-19 19:50:28.570407,29.9,101340,-1.2487446201947616,101336.0,58.0,29.700000762939453
2015-07-19 19:51:29.193849,29.9,101339,-0.4995158089818874,101333.0,57.900001525878906,29.700000762939453
2015-07-19 19:52:29.797941,29.8,101340,-1.331988940104547,101334.0,57.5,29.700000762939453
2015-07-19 19:53:30.440203,29.8,101334,-1.4984755846113207,101343.0,57.20000076293945,29.700000762939453
2015-07-19 19:54:31.082327,29.8,101337,-0.9990076696626327,101345.0,57.0,29.700000762939453
2015-07-19 19:55:31.724697,29.8,101346,-2.913504660811843,101347.0,57.0,29.700000762939453
2015-07-19 19:56:34.894826,29.8,101344,-1.331988940104547,101343.0,57.599998474121094,29.600000381469727
2015-07-19 19:57:35.536820,29.8,101337,-1.4984755846113207,101346.0,57.599998474121094,29.600000381469727
2015-07-19 19:58:36.178797,29.7,101340,-0.3330132003682884,101340.0,57.70000076293945,29.600000381469727
2015-07-19 19:59:36.821101,29.8,101334,-1.5817179092279954,101350.0,58.099998474121094,29.5
2015-07-19 20:00:37.463106,29.7,101344,-1.5817179092279954,101347.0,58.400001525878906,29.600000381469727
2015-07-19 20:01:38.105326,29.7,101343,-0.9990076696626327,101340.0,58.70000076293945,29.5
2015-07-19 20:02:41.275874,29.7,101335,-1.5817179092279954,101344.0,59.20000076293945,29.5
2015-07-19 20:03:41.918022,29.7,101344,-1.0822539849738044,101338.0,59.20000076293945,29.5
2015-07-19 20:04:42.560190,29.7,101338,-1.4984755846113207,101344.0,59.20000076293945,29.5
2015-07-19 20:05:43.202250,29.7,101340,-1.5817179092279954,101350.0,59.20000076293945,29.5
2015-07-19 20:06:43.793816,29.7,101338,-0.749264732690107,101335.0,59.20000076293945,29.5
2015-07-19 20:07:44.436066,29.7,101335,-1.2487446201947616,101332.0,59.20000076293945,29.5
2015-07-19 20:08:45.078171,29.7,101328,0.16651059194663254,101326.0,59.29999923706055,29.5
2015-07-19 20:09:45.720380,29.7,101328,-0.5827661154305019,101325.0,59.400001525878906,29.5
2015-07-19 20:10:46.362666,29.7,101320,-0.24976089818361746,101331.0,59.599998474121094,29.5
2015-07-19 20:11:47.001808,29.7,101316,0.41628146983422876,101326.0,59.900001525878906,29.5
2015-07-19 20:12:47.644031,29.7,101332,-0.0832542980093165,101322.0,60.599998474121094,29.399999618530273
2015-07-19 20:13:48.285978,29.7,101320,0.24976688590363505,101320.0,61.0,29.399999618530273
2015-07-19 20:14:48.928225,29.7,101319,0.24976688590363505,101325.0,61.29999923706055,29.399999618530273
2015-07-19 20:15:49.570391,29.7,101319,0.49953975983734966,101322.0,61.29999923706055,29.399999618530273
2015-07-19 20:16:50.212557,29.7,101325,0.0,101326.0,61.400001525878906,29.5
2015-07-19 20:17:50.854690,29.7,101322,-0.24976089818361746,101322.0,61.5,29.5
2015-07-19 20:18:51.497311,29.7,101328,-0.0832542980093165,101329.0,61.29999923706055,29.5
2015-07-19 20:19:52.139569,29.7,101325,0.0,101323.0,61.29999923706055,29.5
2015-07-19 20:20:52.781609,29.7,101331,-0.749264732690107,101325.0,61.400001525878906,29.5
2015-07-19 20:21:53.423952,29.7,101329,0.24976688590363505,101328.0,61.29999923706055,29.5
2015-07-19 20:22:54.021826,29.7,101326,0.0,101328.0,61.0,29.5
2015-07-19 20:23:54.664109,29.7,101328,-0.9990076696626327,101329.0,60.599998474121094,29.5
2015-07-19 20:24:55.306191,29.7,101331,0.0,101317.0,60.400001525878906,29.5
2015-07-19 20:25:55.897857,29.6,101328,0.24976688590363505,101326.0,59.900001525878906,29.5
2015-07-19 20:26:56.540150,29.6,101323,0.24976688590363505,101325.0,59.599998474121094,29.5
2015-07-19 20:27:57.182437,29.6,101319,-0.0832542980093165,101320.0,59.29999923706055,29.5
2015-07-19 20:29:00.330086,29.6,101320,0.0,101322.0,59.099998474121094,29.399999618530273
2015-07-19 20:30:00.972356,29.6,101317,1.1656300342859527,101320.0,59.099998474121094,29.399999618530273
2015-07-19 20:31:01.614614,29.6,101319,0.7493186221308923,101323.0,59.0,29.399999618530273
2015-07-19 20:32:02.256670,29.6,101320,0.7493186221308923,101325.0,58.79999923706055,29.399999618530273
2015-07-19 20:33:02.898821,29.6,101319,0.9991034731041681,101319.0,58.79999923706055,29.399999618530273
2015-07-19 20:34:06.069156,29.6,101310,0.7493186221308923,101313.0,58.79999923706055,29.399999618530273
2015-07-19 20:35:06.711213,29.6,101310,0.9991034731041681,101308.0,58.79999923706055,29.399999618530273
2015-07-19 20:36:09.881342,29.6,101319,1.1656300342859527,101311.0,58.70000076293945,29.399999618530273
2015-07-19 20:37:10.523577,29.7,101316,1.1656300342859527,101313.0,58.70000076293945,29.399999618530273
2015-07-19 20:38:11.165589,29.7,101306,1.4154248670991898,101307.0,58.70000076293945,29.399999618530273
2015-07-19 20:39:11.793867,29.7,101302,1.9150325016538539,101302.0,58.599998474121094,29.5
2015-07-19 20:40:12.436112,29.7,101304,1.7484939612965256,101307.0,58.599998474121094,29.399999618530273
2015-07-19 20:41:13.021831,29.7,101293,1.9983027701877865,101304.0,58.599998474121094,29.5
2015-07-19 20:42:18.720249,29.7,101304,1.9150325016538539,101299.0,58.599998474121094,29.399999618530273
2015-07-19 20:43:19.362394,29.7,101301,1.5819580831411673,101310.0,58.599998474121094,29.399999618530273
2015-07-19 20:44:20.004625,29.7,101299,1.7484939612965256,101298.0,58.5,29.5
2015-07-19 20:45:20.646709,29.7,101307,1.4986911423646188,101307.0,58.5,29.5
2015-07-19 20:46:21.289063,29.7,101307,1.5819580831411673,101309.0,58.5,29.5
2015-07-19 20:47:21.931256,29.7,101309,0.9991034731041681,101306.0,58.5,29.5
2015-07-19 20:48:22.573358,29.7,101310,1.1656300342859527,101313.0,58.5,29.5
2015-07-19 20:49:23.215449,29.7,101313,0.9991034731041681,101307.0,58.400001525878906,29.399999618530273
2015-07-19 20:50:23.857920,29.7,101310,0.49953975983734966,101313.0,58.400001525878906,29.5
2015-07-19 20:51:29.556137,29.7,101315,1.5819580831411673,101315.0,58.400001525878906,29.5
2015-07-19 20:52:30.198151,29.7,101320,0.41628146983422876,101315.0,58.400001525878906,29.5
2015-07-19 20:53:30.793884,29.7,101313,1.5819580831411673,101320.0,58.400001525878906,29.5
2015-07-19 20:54:31.436034,29.7,101314,1.0823664209665695,101317.0,58.400001525878906,29.5
2015-07-19 20:55:32.025843,29.7,101311,0.7493186221308923,101312.0,58.400001525878906,29.5
2015-07-19 20:56:32.667986,29.7,101305,0.9991034731041681,101312.0,58.29999923706055,29.5
2015-07-19 20:57:35.838224,29.7,101304,2.1648453040301696,101305.0,58.29999923706055,29.5
2015-07-19 20:58:36.480606,29.7,101309,2.4146640969072175,101302.0,58.29999923706055,29.5
2015-07-19 20:59:37.122596,29.7,101305,2.2481175693632283,101301.0,58.400001525878906,29.399999618530273
2015-07-19 21:00:40.292816,29.7,101292,2.2481175693632283,101292.0,58.400001525878906,29.5
2015-07-19 21:01:40.934919,29.7,101298,1.9150325016538539,101306.0,58.400001525878906,29.399999618530273
2015-07-19 21:02:41.576968,29.7,101301,2.4146640969072175,101296.0,58.400001525878906,29.5
2015-07-19 21:03:42.218985,29.7,101301,2.7477651398462752,101301.0,58.400001525878906,29.5
2015-07-19 21:04:42.809807,29.7,101298,1.4986911423646188,101302.0,58.400001525878906,29.5
2015-07-19 21:05:43.452032,29.7,101305,0.6660583359733774,101316.0,58.5,29.5
2015-07-19 21:06:44.061943,29.7,101307,0.8325795736961727,101302.0,58.5,29.5
2015-07-19 21:07:44.703959,29.7,101313,1.4986911423646188,101307.0,58.400001525878906,29.5
2015-07-19 21:08:47.873989,29.7,101310,1.1656300342859527,101314.0,58.400001525878906,29.5
2015-07-19 21:09:51.044432,29.7,101314,0.9991034731041681,101308.0,58.099998474121094,29.5
2015-07-19 21:10:51.686567,29.7,101314,0.9991034731041681,101308.0,58.099998474121094,29.399999618530273
2015-07-19 21:11:52.328758,29.7,101319,0.9991034731041681,101310.0,58.0,29.5
2015-07-19 21:12:52.970906,29.7,101313,0.9991034731041681,101314.0,57.900001525878906,29.5
2015-07-19 21:13:53.613174,29.7,101302,0.7493186221308923,101314.0,57.900001525878906,29.5
2015-07-19 21:14:54.255199,29.7,101319,0.49953975983734966,101314.0,57.79999923706055,29.5
2015-07-19 21:15:54.897300,29.7,101319,0.49953975983734966,101319.0,57.79999923706055,29.5
2015-07-19 21:16:55.539508,29.7,101320,1.1656300342859527,101322.0,57.79999923706055,29.5
2015-07-19 21:17:56.181671,29.7,101323,0.6660583359733774,101317.0,57.900001525878906,29.5
2015-07-19 21:18:56.824097,29.7,101317,0.7493186221308923,101313.0,57.79999923706055,29.5
2015-07-19 21:19:57.466270,29.7,101316,0.6660583359733774,101320.0,57.79999923706055,29.399999618530273
2015-07-19 21:20:58.061781,29.7,101323,0.9158411906839836,101314.0,57.79999923706055,29.5
2015-07-19 21:21:58.704064,29.7,101317,1.1656300342859527,101311.0,57.79999923706055,29.5
2015-07-19 21:23:04.402039,29.6,101319,0.9158411906839836,101322.0,57.79999923706055,29.399999618530273
2015-07-19 21:24:05.044273,29.7,101314,0.7493186221308923,101319.0,57.79999923706055,29.399999618530273
2015-07-19 21:25:05.686317,29.6,101311,0.9991034731041681,101311.0,57.79999923706055,29.399999618530273
2015-07-19 21:26:06.328591,29.7,101314,0.9991034731041681,101305.0,57.79999923706055,29.399999618530273
2015-07-19 21:27:06.970600,29.7,101310,1.5819580831411673,101307.0,57.79999923706055,29.399999618530273
2015-07-19 21:28:10.140820,29.7,101314,0.9991034731041681,101310.0,57.79999923706055,29.399999618530273
2015-07-19 21:29:13.310471,29.6,101308,0.9991034731041681,101311.0,57.79999923706055,29.399999618530273
2015-07-19 21:30:13.952644,29.7,101314,1.4986911423646188,101310.0,57.79999923706055,29.399999618530273
2015-07-19 21:31:14.594679,29.7,101314,0.49953975983734966,101319.0,57.79999923706055,29.5
2015-07-19 21:32:15.236946,29.7,101320,0.41628146983422876,101313.0,57.900001525878906,29.399999618530273
2015-07-19 21:33:15.879156,29.7,101322,0.9158411906839836,101317.0,58.0,29.5
2015-07-19 21:34:16.521205,29.7,101320,0.49953975983734966,101314.0,58.099998474121094,29.399999618530273
2015-07-19 21:35:17.163322,29.7,101317,0.49953975983734966,101320.0,58.20000076293945,29.5
2015-07-19 21:36:17.801864,29.6,101328,0.7493186221308923,101322.0,58.29999923706055,29.5
2015-07-19 21:37:26.028648,29.6,101317,0.9158411906839836,101322.0,58.70000076293945,29.399999618530273
2015-07-19 21:38:26.670735,29.7,101314,0.24976688590363505,101320.0,58.70000076293945,29.399999618530273
2015-07-19 21:39:27.313167,29.7,101311,0.6660583359733774,101313.0,58.900001525878906,29.5
2015-07-19 21:40:27.955409,29.7,101311,0.7493186221308923,101307.0,58.900001525878906,29.399999618530273
2015-07-19 21:41:28.597560,29.7,101313,1.4154248670991898,101308.0,59.0,29.5
2015-07-19 21:42:31.767919,29.7,101307,1.5819580831411673,101308.0,59.0,29.5
2015-07-19 21:43:32.410099,29.7,101308,1.1656300342859527,101311.0,59.0,29.399999618530273
2015-07-19 21:44:33.052414,29.7,101302,1.9150325016538539,101305.0,59.0,29.399999618530273
2015-07-19 21:45:33.694618,29.7,101306,1.4986911423646188,101307.0,59.099998474121094,29.5
2015-07-19 21:46:34.336929,29.6,101308,1.9983027701877865,101310.0,59.20000076293945,29.5
2015-07-19 21:47:34.979014,29.6,101313,1.4986911423646188,101305.0,59.20000076293945,29.399999618530273
2015-07-19 21:48:35.621248,29.7,101301,1.2488943130721608,101307.0,59.400001525878906,29.399999618530273
2015-07-19 21:49:36.263479,29.7,101307,0.9991034731041681,101307.0,59.599998474121094,29.399999618530273
2015-07-19 21:50:36.866064,29.7,101302,1.9150325016538539,101302.0,59.70000076293945,29.5
2015-07-19 21:51:40.036369,29.7,101305,1.1656300342859527,101306.0,59.900001525878906,29.5
2015-07-19 21:52:40.678421,29.7,101314,1.1656300342859527,101311.0,59.900001525878906,29.399999618530273
2015-07-19 21:53:41.320689,29.7,101311,0.7493186221308923,101310.0,59.900001525878906,29.5
2015-07-19 21:54:41.962644,29.7,101317,0.6660583359733774,101317.0,59.79999923706055,29.5
2015-07-19 21:55:42.604837,29.7,101320,0.24976688590363505,101326.0,59.79999923706055,29.5
2015-07-19 21:56:43.246948,29.7,101320,0.41628146983422876,101322.0,59.79999923706055,29.5
2015-07-19 21:57:43.889005,29.7,101328,-0.3330132003682884,101325.0,59.79999923706055,29.5
2015-07-19 21:58:44.531003,29.7,101340,-0.749264732690107,101337.0,60.0,29.5
2015-07-19 21:59:45.173392,29.7,101341,-0.9990076696626327,101341.0,60.29999923706055,29.5
2015-07-19 22:00:45.797954,29.7,101338,-1.4984755846113207,101344.0,60.5,29.5
2015-07-19 22:01:46.440005,29.7,101337,-0.5827661154305019,101337.0,60.5,29.399999618530273
2015-07-19 22:02:47.061849,29.6,101335,-0.4995158089818874,101337.0,60.599998474121094,29.5
2015-07-19 22:03:47.703930,29.6,101329,-0.5827661154305019,101334.0,60.400001525878906,29.399999618530273
2015-07-19 22:04:48.345994,29.6,101326,-0.0832542980093165,101326.0,60.20000076293945,29.399999618530273
2015-07-19 22:05:48.988221,29.6,101314,0.41628146983422876,101320.0,60.400001525878906,29.399999618530273
2015-07-19 22:06:49.630303,29.5,101314,0.6660583359733774,101313.0,60.5,29.399999618530273
2015-07-19 22:07:50.272640,29.5,101313,0.9991034731041681,101307.0,60.400001525878906,29.399999618530273
2015-07-19 22:08:50.914885,29.5,101318,1.1656300342859527,101308.0,60.5,29.399999618530273
2015-07-19 22:09:51.556997,29.5,101311,1.0823664209665695,101315.0,61.20000076293945,29.299999237060547
2015-07-19 22:10:52.199113,29.4,101306,1.5819580831411673,101309.0,61.29999923706055,29.299999237060547
2015-07-19 22:11:55.322036,29.4,101311,2.331390500315682,101309.0,61.599998474121094,29.200000762939453
2015-07-19 22:12:55.964080,29.4,101314,1.5819580831411673,101312.0,61.599998474121094,29.200000762939453
2015-07-19 22:13:56.606019,29.4,101300,1.7484939612965256,101303.0,61.79999923706055,29.200000762939453
2015-07-19 22:14:57.248193,29.3,101301,1.0823664209665695,101306.0,61.900001525878906,29.200000762939453
2015-07-19 22:16:05.474476,29.3,101300,1.6652256894485218,101304.0,62.5,29.100000381469727
2015-07-19 22:17:08.610165,29.3,101298,1.9983027701877865,101298.0,62.599998474121094,29.100000381469727
2015-07-19 22:18:09.252416,29.3,101306,1.3321592573399588,101305.0,62.70000076293945,29.100000381469727
2015-07-19 22:19:09.894571,29.3,101305,1.4986911423646188,101307.0,62.900001525878906,29.100000381469727
2015-07-19 22:20:10.536947,29.3,101307,1.6652256894485218,101309.0,63.20000076293945,29.100000381469727
2015-07-19 22:21:11.179017,29.2,101304,0.8325795736961727,101312.0,63.400001525878906,29.100000381469727
2015-07-19 22:22:11.821072,29.2,101310,1.4986911423646188,101301.0,63.400001525878906,29.100000381469727
2015-07-19 22:23:12.463343,29.2,101302,1.9150325016538539,101305.0,63.79999923706055,29.100000381469727
2015-07-19 22:24:13.081760,29.2,101304,1.4986911423646188,101306.0,64.30000305175781,29.100000381469727
2015-07-19 22:25:13.723846,29.2,101309,2.2481175693632283,101306.0,64.4000015258789,29.0
2015-07-19 22:26:14.365929,29.1,101309,1.9150325016538539,101302.0,64.5999984741211,29.0
2015-07-19 22:27:15.008116,29.1,101305,1.9150325016538539,101299.0,65.0,29.0
2015-07-19 22:28:18.178238,29.1,101300,1.6652256894485218,101296.0,66.0,29.0
2015-07-19 22:29:18.817930,29.0,101303,1.4986911423646188,101311.0,66.0,29.0
2015-07-19 22:30:19.460225,29.0,101307,2.664488880599981,101307.0,65.4000015258789,28.899999618530273
2015-07-19 22:31:20.081772,29.0,101300,1.6652256894485218,101311.0,65.4000015258789,28.899999618530273
2015-07-19 22:32:20.723921,28.9,101309,1.5819580831411673,101303.0,65.80000305175781,28.899999618530273
2015-07-19 22:33:21.365990,28.9,101301,1.5819580831411673,101311.0,66.0,28.899999618530273
2015-07-19 22:34:22.008010,28.9,101308,1.5819580831411673,101306.0,66.4000015258789,28.899999618530273
2015-07-19 22:35:25.178001,28.8,101316,1.3321592573399588,101316.0,67.0999984741211,28.799999237060547
2015-07-19 22:36:25.797743,28.8,101312,0.5827987152137848,101308.0,67.0999984741211,28.799999237060547
2015-07-19 22:37:26.439941,28.8,101318,1.3321592573399588,101310.0,67.0999984741211,28.799999237060547
2015-07-19 22:38:27.081708,28.8,101313,1.7484939612965256,101309.0,67.4000015258789,28.799999237060547
2015-07-19 22:39:27.723984,28.7,101301,1.4986911423646188,101310.0,67.80000305175781,28.799999237060547
2015-07-19 22:40:28.366199,28.7,101299,2.4146640969072175,101302.0,67.9000015258789,28.700000762939453
2015-07-19 22:41:29.008337,28.8,101301,2.8310420647857892,101295.0,68.19999694824219,28.799999237060547
2015-07-19 22:42:29.650689,28.8,101294,2.7477651398462752,101289.0,68.4000015258789,28.700000762939453
2015-07-19 22:43:30.293125,28.7,101293,2.7477651398462752,101292.0,68.30000305175781,28.700000762939453
2015-07-19 22:44:30.935422,28.7,101302,2.1648453040301696,101298.0,68.30000305175781,28.700000762939453
2015-07-19 22:45:31.577794,28.7,101306,2.497938359142756,101302.0,67.80000305175781,28.700000762939453
2015-07-19 22:46:32.220064,28.7,101301,1.9150325016538539,101299.0,67.0999984741211,28.700000762939453
2015-07-19 22:47:35.338183,28.6,101308,1.4986911423646188,101307.0,67.19999694824219,28.600000381469727
2015-07-19 22:48:38.508500,28.6,101311,1.4154248670991898,101310.0,67.69999694824219,28.600000381469727
2015-07-19 22:49:39.101964,28.6,101307,1.4154248670991898,101309.0,67.80000305175781,28.600000381469727
2015-07-19 22:50:39.744219,28.7,101310,1.3321592573399588,101305.0,67.80000305175781,28.600000381469727
2015-07-19 22:51:42.914478,28.7,101312,1.0823664209665695,101310.0,69.0,28.600000381469727
2015-07-19 22:52:43.556653,28.7,101312,0.7493186221308923,101319.0,69.0,28.600000381469727
2015-07-19 22:53:44.198939,28.7,101316,0.9991034731041681,101313.0,69.5,28.600000381469727
2015-07-19 22:54:44.841216,28.7,101316,0.49953975983734966,101316.0,69.5,28.600000381469727
2015-07-19 22:55:45.483427,28.7,101309,0.9991034731041681,101315.0,69.5999984741211,28.600000381469727
2015-07-19 22:56:46.102052,28.7,101324,0.7493186221308923,101316.0,69.80000305175781,28.700000762939453
2015-07-19 22:57:51.801186,28.7,101313,0.5827987152137848,101319.0,70.19999694824219,28.600000381469727
2015-07-19 22:58:52.443560,28.7,101312,0.9991034731041681,101310.0,70.19999694824219,28.600000381469727
2015-07-19 22:59:53.085971,28.8,101322,1.0823664209665695,101318.0,70.19999694824219,28.600000381469727
2015-07-19 23:00:53.728554,28.8,101315,1.0823664209665695,101313.0,70.0999984741211,28.700000762939453
2015-07-19 23:01:54.370957,28.8,101316,1.2488943130721608,101319.0,70.0999984741211,28.700000762939453
2015-07-19 23:02:57.541554,28.8,101312,0.7493186221308923,101313.0,70.69999694824219,28.700000762939453
2015-07-19 23:04:00.712114,28.8,101318,0.33302384519457884,101314.0,70.69999694824219,28.700000762939453
2015-07-19 23:05:01.354325,28.8,101311,0.5827987152137848,101318.0,70.69999694824219,28.700000762939453
2015-07-19 23:06:01.996719,28.8,101316,0.7493186221308923,101318.0,71.19999694824219,28.700000762939453
2015-07-19 23:07:02.638958,28.8,101312,0.33302384519457884,101311.0,71.4000015258789,28.700000762939453
2015-07-19 23:08:03.281275,28.8,101315,0.5827987152137848,101314.0,71.5999984741211,28.700000762939453
2015-07-19 23:09:06.451880,28.8,101316,1.1656300342859527,101318.0,72.0999984741211,28.700000762939453
2015-07-19 23:10:07.094188,28.8,101316,1.0823664209665695,101309.0,72.0,28.700000762939453
2015-07-19 23:11:07.736494,28.8,101308,1.1656300342859527,101312.0,72.0999984741211,28.700000762939453
2015-07-19 23:12:10.906888,28.8,101313,1.4986911423646188,101310.0,72.0,28.700000762939453
2015-07-19 23:13:11.549191,28.8,101318,0.5827987152137848,101321.0,72.0,28.700000762939453
2015-07-19 23:14:12.191359,28.8,101312,1.4986911423646188,101313.0,72.0,28.700000762939453
2015-07-19 23:15:12.809793,28.8,101309,1.2488943130721608,101310.0,72.0999984741211,28.799999237060547
2015-07-19 23:16:13.452199,28.7,101316,0.9991034731041681,101310.0,72.19999694824219,28.700000762939453
2015-07-19 23:17:16.622585,28.8,101307,1.7484939612965256,101310.0,71.9000015258789,28.600000381469727
2015-07-19 23:18:22.321608,28.7,101299,1.2488943130721608,101312.0,71.9000015258789,28.700000762939453
2015-07-19 23:19:22.964218,28.7,101299,2.2481175693632283,101302.0,71.9000015258789,28.700000762939453
2015-07-19 23:20:26.134526,28.7,101298,2.2481175693632283,101296.0,72.0,28.700000762939453
2015-07-19 23:21:29.305018,28.7,101304,1.6652256894485218,101302.0,72.0,28.700000762939453
2015-07-19 23:22:29.947314,28.7,101296,2.1648453040301696,101293.0,72.0,28.700000762939453
2015-07-19 23:23:30.589649,28.7,101298,2.497938359142756,101299.0,72.0999984741211,28.700000762939453
2015-07-19 23:24:31.231827,28.7,101298,2.664488880599981,101289.0,72.0999984741211,28.600000381469727
2015-07-19 23:25:31.874161,28.7,101295,2.914319655433287,101295.0,72.30000305175781,28.600000381469727
2015-07-19 23:26:32.516425,28.7,101295,2.664488880599981,101290.0,72.19999694824219,28.600000381469727
2015-07-19 23:27:33.114019,28.7,101290,2.664488880599981,101295.0,72.19999694824219,28.600000381469727
2015-07-19 23:28:33.756305,28.7,101299,2.664488880599981,101293.0,72.19999694824219,28.600000381469727
2015-07-19 23:29:34.398658,28.7,101293,2.497938359142756,101293.0,72.19999694824219,28.600000381469727
2015-07-19 23:30:35.041204,28.7,101298,2.664488880599981,101295.0,72.0999984741211,28.600000381469727
2015-07-19 23:31:35.683430,28.7,101293,2.2481175693632283,101301.0,72.0999984741211,28.600000381469727
2015-07-19 23:32:36.325686,28.7,101299,2.997597911793691,101298.0,72.0999984741211,28.600000381469727
2015-07-19 23:33:47.081211,28.7,101297,3.080876833891609,101297.0,72.0999984741211,28.600000381469727
2015-07-19 23:34:47.723477,28.8,101294,2.8310420647857892,101297.0,72.0999984741211,28.700000762939453
2015-07-19 23:35:48.365778,28.7,101292,2.997597911793691,101291.0,72.19999694824219,28.600000381469727
2015-07-19 23:36:49.008233,28.7,101286,2.7477651398462752,101297.0,72.30000305175781,28.600000381469727
2015-07-19 23:37:49.650558,28.8,101289,2.997597911793691,101289.0,72.5,28.600000381469727
2015-07-19 23:38:52.821420,28.8,101307,2.0815737043115847,101304.0,72.30000305175781,28.700000762939453
2015-07-19 23:39:53.463829,28.7,101295,2.0815737043115847,101300.0,72.19999694824219,28.700000762939453
2015-07-19 23:40:54.106189,28.8,101295,2.497938359142756,101300.0,72.5,28.700000762939453
2015-07-19 23:41:54.748544,28.8,101300,1.9983027701877865,101306.0,72.4000015258789,28.700000762939453
2015-07-19 23:43:00.447287,28.8,101297,2.331390500315682,101292.0,71.9000015258789,28.700000762939453
2015-07-19 23:44:01.089617,28.8,101307,2.331390500315682,101306.0,71.9000015258789,28.700000762939453
2015-07-19 23:45:01.731993,28.8,101315,1.3321592573399588,101309.0,71.5999984741211,28.700000762939453
2015-07-19 23:46:02.374404,28.8,101305,1.9983027701877865,101304.0,71.69999694824219,28.700000762939453
2015-07-19 23:47:03.016794,28.7,101315,1.5819580831411673,101315.0,71.5999984741211,28.700000762939453
2015-07-19 23:48:03.659195,28.7,101313,0.5827987152137848,101304.0,71.5999984741211,28.700000762939453
2015-07-19 23:49:04.301633,28.7,101307,1.2488943130721608,101309.0,71.5,28.700000762939453
2015-07-19 23:50:04.922057,28.7,101312,1.2488943130721608,101307.0,70.9000015258789,28.700000762939453
2015-07-19 23:51:05.564426,28.7,101299,1.6652256894485218,101307.0,70.5,28.700000762939453
2015-07-19 23:52:06.206673,28.7,101309,2.1648453040301696,101302.0,69.4000015258789,28.600000381469727
2015-07-19 23:53:06.849114,28.7,101304,2.1648453040301696,101310.0,69.0999984741211,28.700000762939453
2015-07-19 23:54:07.491307,28.7,101305,0.9991034731041681,101312.0,68.9000015258789,28.600000381469727
2015-07-19 23:55:08.113884,28.7,101310,1.0823664209665695,101304.0,68.80000305175781,28.600000381469727
2015-07-19 23:56:08.756220,28.7,101290,2.497938359142756,101302.0,68.69999694824219,28.600000381469727
2015-07-19 23:57:09.398287,28.7,101301,1.7484939612965256,101304.0,68.80000305175781,28.600000381469727
2015-07-19 23:58:10.040692,28.7,101305,1.3321592573399588,101301.0,69.0,28.600000381469727
2015-07-19 23:59:13.210896,28.7,101305,1.9150325016538539,101304.0,69.0,28.600000381469727
2015-07-20 00:00:13.797915,28.7,101313,1.2488943130721608,101302.0,69.0,28.600000381469727
2015-07-20 00:01:14.440313,28.7,101304,1.6652256894485218,101313.0,68.80000305175781,28.600000381469727
2015-07-20 00:02:15.082498,28.7,101305,0.9991034731041681,101309.0,68.5,28.600000381469727
2015-07-20 00:03:18.252953,28.7,101302,1.9150325016538539,101307.0,68.69999694824219,28.600000381469727
2015-07-20 00:04:18.895070,28.7,101302,1.6652256894485218,101304.0,68.80000305175781,28.600000381469727
2015-07-20 00:05:22.065525,28.7,101296,2.664488880599981,101301.0,69.5999984741211,28.600000381469727
2015-07-20 00:06:25.235770,28.7,101305,1.6652256894485218,101304.0,69.5999984741211,28.600000381469727
2015-07-20 00:07:25.877970,28.7,101306,1.9983027701877865,101304.0,69.5999984741211,28.600000381469727
2015-07-20 00:08:29.051769,28.7,101299,2.7477651398462752,101305.0,69.0999984741211,28.5
2015-07-20 00:09:39.806659,28.7,101305,1.9983027701877865,101305.0,69.0999984741211,28.5
2015-07-20 00:10:40.449158,28.7,101306,1.4986911423646188,101302.0,69.0999984741211,28.5
2015-07-20 00:11:41.091298,28.7,101306,1.4986911423646188,101307.0,69.0,28.600000381469727
2015-07-20 00:12:41.733684,28.7,101315,1.6652256894485218,101304.0,69.19999694824219,28.600000381469727
2015-07-20 00:13:44.904283,28.7,101306,1.4986911423646188,101298.0,68.80000305175781,28.600000381469727
2015-07-20 00:14:45.546303,28.7,101299,1.3321592573399588,101305.0,68.80000305175781,28.600000381469727
2015-07-20 00:15:48.716796,28.7,101307,1.0823664209665695,101310.0,69.0,28.600000381469727
2015-07-20 00:16:49.359113,28.7,101302,1.7484939612965256,101309.0,69.0,28.600000381469727
2015-07-20 00:17:50.001329,28.8,101312,0.49953975983734966,101321.0,69.0,28.600000381469727
2015-07-20 00:18:50.643584,28.8,101316,1.0823664209665695,101310.0,68.69999694824219,28.600000381469727
2015-07-20 00:19:51.286174,28.7,101310,0.8325795736961727,101319.0,68.5999984741211,28.600000381469727
2015-07-20 00:20:51.928497,28.8,101315,0.8325795736961727,101318.0,68.5999984741211,28.600000381469727
2015-07-20 00:21:52.570760,28.8,101313,0.7493186221308923,101313.0,68.4000015258789,28.700000762939453
2015-07-20 00:22:53.213319,28.8,101327,-0.666015756663294,101327.0,68.5,28.700000762939453
2015-07-20 00:23:53.797956,28.8,101327,-0.4995158089818874,101321.0,68.19999694824219,28.700000762939453
2015-07-20 00:24:56.968539,28.8,101341,-0.9157606891750114,101331.0,68.30000305175781,28.700000762939453
2015-07-20 00:25:57.611006,28.8,101336,-0.9990076696626327,101342.0,68.30000305175781,28.600000381469727
2015-07-20 00:26:58.253399,28.8,101333,-0.4995158089818874,101331.0,68.0999984741211,28.700000762939453
2015-07-20 00:27:58.895733,28.8,101337,-0.9157606891750114,101336.0,68.30000305175781,28.700000762939453
2015-07-20 00:28:59.537892,28.8,101339,-0.749264732690107,101333.0,68.0,28.600000381469727
2015-07-20 00:30:02.662256,28.8,101339,-0.666015756663294,101336.0,67.80000305175781,28.700000762939453
2015-07-20 00:31:03.304522,28.8,101327,0.0,101324.0,67.69999694824219,28.600000381469727
2015-07-20 00:32:03.929960,28.8,101346,-1.4152325949067857,101352.0,67.80000305175781,28.700000762939453
2015-07-20 00:33:04.572225,28.8,101347,-1.9979195563970364,101344.0,67.5,28.700000762939453
2015-07-20 00:34:05.214416,28.7,101341,-1.4984755846113207,101344.0,66.5999984741211,28.700000762939453
2015-07-20 00:35:05.797860,28.7,101344,-1.8314408926689763,101346.0,65.80000305175781,28.700000762939453
2015-07-20 00:36:08.968238,28.7,101334,-1.4984755846113207,101340.0,64.80000305175781,28.600000381469727
2015-07-20 00:37:09.610398,28.7,101337,-0.8325130435306272,101338.0,64.80000305175781,28.600000381469727
2015-07-20 00:38:10.252534,28.7,101347,-1.8314408926689763,101343.0,64.30000305175781,28.600000381469727
2015-07-20 00:39:10.894721,28.7,101328,-0.8325130435306272,101332.0,63.20000076293945,28.600000381469727
2015-07-20 00:40:11.537012,28.6,101340,-1.331988940104547,101338.0,62.0,28.5
2015-07-20 00:41:12.133889,28.6,101337,-1.0822539849738044,101341.0,61.79999923706055,28.600000381469727
2015-07-20 00:42:12.776032,28.6,101347,-2.0811578907424733,101355.0,61.599998474121094,28.600000381469727
2015-07-20 00:43:13.418109,28.6,101338,-1.0822539849738044,101339.0,61.400001525878906,28.5
2015-07-20 00:44:16.588355,28.6,101342,-1.5817179092279954,101344.0,61.20000076293945,28.5
2015-07-20 00:45:17.230448,28.6,101358,-2.747040626270447,101351.0,61.20000076293945,28.5
2015-07-20 00:46:17.872433,28.6,101350,-2.497339587598708,101350.0,60.79999923706055,28.5
2015-07-20 00:47:18.514814,28.5,101350,-1.9146805570523284,101351.0,60.70000076293945,28.5
2015-07-20 00:48:21.662195,28.5,101350,-2.747040626270447,101356.0,59.79999923706055,28.5
2015-07-20 00:49:24.832507,28.5,101345,-1.8314408926689763,101348.0,59.5,28.5
2015-07-20 00:50:25.474730,28.4,101351,-2.247632564415847,101359.0,59.099998474121094,28.399999618530273
2015-07-20 00:51:26.117067,28.4,101343,-1.664959568766653,101345.0,58.900001525878906,28.399999618530273
2015-07-20 00:52:26.759087,28.4,101346,-0.9157606891750114,101341.0,59.0,28.399999618530273
2015-07-20 00:53:27.401221,28.4,101329,-1.4152325949067857,101339.0,58.900001525878906,28.399999618530273
2015-07-20 00:54:28.043576,28.4,101337,-0.666015756663294,101336.0,58.70000076293945,28.399999618530273
2015-07-20 00:55:28.685538,28.4,101329,-0.666015756663294,101330.0,58.5,28.399999618530273
2015-07-20 00:56:29.327481,28.4,101329,-0.5827661154305019,101330.0,58.5,28.399999618530273
2015-07-20 00:57:29.969487,28.4,101333,-0.3330132003682884,101339.0,58.5,28.399999618530273
2015-07-20 00:58:30.611604,28.4,101336,-0.666015756663294,101339.0,58.400001525878906,28.399999618530273
2015-07-20 00:59:31.253635,28.5,101338,-0.8325130435306272,101338.0,58.599998474121094,28.399999618530273
2015-07-20 01:00:31.895876,28.4,101330,0.33302384519457884,101329.0,58.79999923706055,28.299999237060547
2015-07-20 01:01:32.538093,28.4,101327,-0.16650793074375114,101327.0,58.79999923706055,28.399999618530273
2015-07-20 01:02:33.137851,28.4,101324,0.16651059194663254,101326.0,58.900001525878906,28.399999618530273
2015-07-20 01:03:33.780042,28.4,101335,-0.749264732690107,101332.0,59.0,28.399999618530273
2015-07-20 01:04:34.421770,28.4,101327,-0.3330132003682884,101332.0,59.29999923706055,28.399999618530273
2015-07-20 01:05:40.120189,28.4,101333,-0.16650793074375114,101324.0,59.70000076293945,28.399999618530273
2015-07-20 01:06:40.762315,28.4,101330,0.08325496331864968,101335.0,59.70000076293945,28.399999618530273
2015-07-20 01:07:41.404600,28.4,101330,-0.41626483728792074,101327.0,59.70000076293945,28.399999618530273
2015-07-20 01:08:42.046717,28.4,101333,-0.16650793074375114,101330.0,60.0,28.299999237060547
2015-07-20 01:09:42.689082,28.4,101330,-0.666015756663294,101327.0,60.0,28.299999237060547
2015-07-20 01:10:43.331218,28.4,101329,0.41628146983422876,101323.0,60.0,28.299999237060547
2015-07-20 01:11:43.973562,28.4,101323,-0.41626483728792074,101320.0,60.099998474121094,28.299999237060547
2015-07-20 01:12:47.144039,28.4,101330,-0.0832542980093165,101320.0,60.0,28.399999618530273
2015-07-20 01:13:47.786166,28.5,101327,0.33302384519457884,101326.0,60.0,28.299999237060547
2015-07-20 01:14:48.428497,28.4,101321,0.41628146983422876,101323.0,60.29999923706055,28.299999237060547
2015-07-20 01:15:51.598828,28.5,101329,-0.5827661154305019,101327.0,60.400001525878906,28.299999237060547
2015-07-20 01:16:52.241099,28.4,101323,0.08325496331864968,101321.0,60.400001525878906,28.299999237060547
2015-07-20 01:17:52.866078,28.4,101330,0.16651059194663254,101332.0,60.70000076293945,28.299999237060547
2015-07-20 01:18:58.565334,28.4,101321,0.5827987152137848,101323.0,60.70000076293945,28.299999237060547
2015-07-20 01:19:59.207416,28.4,101320,-0.41626483728792074,101320.0,60.79999923706055,28.299999237060547
2015-07-20 01:20:59.849674,28.5,101332,-0.5827661154305019,101330.0,60.79999923706055,28.299999237060547
2015-07-20 01:22:00.491936,28.5,101330,0.08325496331864968,101329.0,61.0,28.299999237060547
2015-07-20 01:23:01.134029,28.4,101329,0.08325496331864968,101326.0,61.20000076293945,28.299999237060547
2015-07-20 01:24:01.776190,28.4,101323,-0.0832542980093165,101323.0,61.5,28.299999237060547
2015-07-20 01:25:02.418281,28.4,101329,-0.41626483728792074,101321.0,61.70000076293945,28.399999618530273
2015-07-20 01:26:05.588639,28.5,101333,-0.8325130435306272,101327.0,62.20000076293945,28.299999237060547
2015-07-20 01:27:06.230762,28.5,101329,-0.5827661154305019,101327.0,62.20000076293945,28.299999237060547
2015-07-20 01:28:06.872953,28.5,101317,0.6660583359733774,101327.0,62.599998474121094,28.399999618530273
2015-07-20 01:29:07.515175,28.5,101327,-0.16650793074375114,101329.0,62.900001525878906,28.399999618530273
2015-07-20 01:30:08.141979,28.5,101326,-0.16650793074375114,101324.0,62.900001525878906,28.399999618530273
2015-07-20 01:31:11.312454,28.5,101327,0.08325496331864968,101324.0,63.599998474121094,28.399999618530273
2015-07-20 01:32:14.482845,28.5,101326,-0.0832542980093165,101329.0,63.599998474121094,28.399999618530273
2015-07-20 01:33:17.618275,28.5,101323,-0.3330132003682884,101326.0,63.79999923706055,28.399999618530273
2015-07-20 01:34:18.260549,28.5,101317,0.6660583359733774,101314.0,63.79999923706055,28.399999618530273
2015-07-20 01:35:18.902867,28.5,101321,-0.0832542980093165,101326.0,63.79999923706055,28.399999618530273
2015-07-20 01:36:19.545029,28.5,101323,0.5827987152137848,101321.0,64.19999694824219,28.399999618530273
2015-07-20 01:37:20.141791,28.5,101323,-0.16650793074375114,101327.0,64.5,28.399999618530273
2015-07-20 01:38:20.784094,28.5,101322,0.16651059194663254,101327.0,64.5999984741211,28.399999618530273
2015-07-20 01:39:21.426195,28.5,101321,0.49953975983734966,101324.0,65.19999694824219,28.399999618530273
2015-07-20 01:40:22.068445,28.5,101322,0.24976688590363505,101320.0,65.0,28.399999618530273
2015-07-20 01:41:22.710649,28.6,101323,1.5819580831411673,101319.0,65.0999984741211,28.399999618530273
2015-07-20 01:42:23.352801,28.5,101317,0.49953975983734966,101316.0,65.0999984741211,28.399999618530273
2015-07-20 01:43:23.994965,28.5,101319,0.9158411906839836,101316.0,65.30000305175781,28.5
2015-07-20 01:44:24.637228,28.6,101319,0.9991034731041681,101322.0,65.69999694824219,28.5
2015-07-20 01:45:25.279309,28.6,101328,0.0,101326.0,65.5999984741211,28.5
2015-07-20 01:46:25.921384,28.6,101323,0.41628146983422876,101322.0,65.5999984741211,28.5
2015-07-20 01:47:26.563471,28.6,101322,0.0,101320.0,65.80000305175781,28.5
2015-07-20 01:48:27.161823,28.6,101326,-0.0832542980093165,101328.0,66.0,28.5
2015-07-20 01:49:27.793904,28.6,101314,-0.0832542980093165,101328.0,66.19999694824219,28.5
2015-07-20 01:50:28.436514,28.6,101323,0.41628146983422876,101320.0,66.30000305175781,28.5
2015-07-20 01:51:29.078825,28.6,101322,0.41628146983422876,101323.0,66.30000305175781,28.5
2015-07-20 01:52:29.721130,28.6,101310,0.6660583359733774,101320.0,66.5,28.5
2015-07-20 01:53:30.363450,28.6,101319,0.9991034731041681,101313.0,66.5,28.5
2015-07-20 01:54:31.005657,28.6,101307,1.8317628986901002,101307.0,66.5,28.5
2015-07-20 01:55:31.647768,28.6,101307,1.7484939612965256,101307.0,66.4000015258789,28.5
2015-07-20 01:56:34.821531,28.6,101308,1.2488943130721608,101305.0,66.5,28.5
2015-07-20 01:57:37.991882,28.7,101302,1.6652256894485218,101301.0,66.69999694824219,28.5
2015-07-20 01:58:43.690676,28.7,101306,1.5819580831411673,101299.0,66.9000015258789,28.5
2015-07-20 01:59:44.333145,28.6,101299,1.6652256894485218,101304.0,66.9000015258789,28.5
2015-07-20 02:00:44.975458,28.7,101299,1.6652256894485218,101305.0,67.0999984741211,28.5
2015-07-20 02:01:45.617509,28.6,101302,1.7484939612965256,101304.0,67.19999694824219,28.5
2015-07-20 02:02:46.259601,28.7,101302,1.5819580831411673,101309.0,67.30000305175781,28.5
2015-07-20 02:03:46.901599,28.7,101305,2.1648453040301696,101296.0,67.30000305175781,28.5
2015-07-20 02:04:47.543779,28.7,101305,1.9150325016538539,101305.0,67.5,28.600000381469727
2015-07-20 02:05:48.173851,28.6,101293,2.497938359142756,101305.0,67.5,28.600000381469727
2015-07-20 02:06:48.793846,28.7,101299,2.4146640969072175,101305.0,67.30000305175781,28.600000381469727
2015-07-20 02:07:49.435960,28.7,101296,1.9983027701877865,101304.0,67.30000305175781,28.600000381469727
2015-07-20 02:08:50.045746,28.7,101302,1.4986911423646188,101304.0,67.19999694824219,28.600000381469727
2015-07-20 02:09:50.687957,28.7,101296,1.9983027701877865,101304.0,67.19999694824219,28.600000381469727
2015-07-20 02:10:51.330289,28.7,101295,2.2481175693632283,101298.0,67.0,28.600000381469727
2015-07-20 02:11:57.028704,28.7,101298,2.2481175693632283,101304.0,67.0999984741211,28.600000381469727
2015-07-20 02:12:57.671197,28.7,101296,1.9983027701877865,101306.0,67.0999984741211,28.5
2015-07-20 02:13:58.313507,28.7,101307,1.7484939612965256,101310.0,67.0,28.5
2015-07-20 02:14:58.955825,28.7,101310,1.9983027701877865,101305.0,67.0999984741211,28.5
2015-07-20 02:16:02.126522,28.7,101304,1.3321592573399588,101315.0,67.0,28.5
2015-07-20 02:17:02.768931,28.7,101304,1.4986911423646188,101310.0,66.9000015258789,28.5
2015-07-20 02:18:03.411268,28.7,101304,1.4986911423646188,101304.0,66.80000305175781,28.600000381469727
2015-07-20 02:19:04.053609,28.7,101299,1.4986911423646188,101301.0,66.5999984741211,28.600000381469727
2015-07-20 02:20:04.695972,28.7,101305,2.4146640969072175,101302.0,66.5,28.600000381469727
2015-07-20 02:21:05.338101,28.7,101310,1.5819580831411673,101312.0,66.4000015258789,28.600000381469727
2015-07-20 02:22:16.092900,28.8,101312,1.2488943130721608,101310.0,66.4000015258789,28.600000381469727
2015-07-20 02:23:16.735040,28.7,101301,1.5819580831411673,101304.0,66.4000015258789,28.600000381469727
2015-07-20 02:24:17.377278,28.8,101307,1.5819580831411673,101310.0,66.4000015258789,28.700000762939453
2015-07-20 02:25:18.019623,28.8,101301,1.7484939612965256,101306.0,66.19999694824219,28.700000762939453
2015-07-20 02:26:18.661755,28.8,101305,1.3321592573399588,101301.0,66.19999694824219,28.700000762939453
2015-07-20 02:27:26.889031,28.8,101307,1.9983027701877865,101304.0,66.30000305175781,28.700000762939453
2015-07-20 02:28:27.531395,28.8,101294,1.5819580831411673,101298.0,66.30000305175781,28.700000762939453
2015-07-20 02:29:28.173571,28.8,101305,1.7484939612965256,101300.0,66.19999694824219,28.700000762939453
2015-07-20 02:30:28.794030,28.8,101307,2.0815737043115847,101304.0,66.19999694824219,28.700000762939453
2015-07-20 02:31:29.436551,28.8,101318,1.4986911423646188,101309.0,66.0999984741211,28.700000762939453
2015-07-20 02:32:30.078952,28.8,101306,1.0823664209665695,101313.0,66.0999984741211,28.700000762939453
2015-07-20 02:33:30.721259,28.8,101307,1.0823664209665695,101318.0,66.0,28.700000762939453
2015-07-20 02:34:31.363448,28.8,101324,0.08325496331864968,101312.0,66.0,28.700000762939453
2015-07-20 02:35:32.005664,28.8,101324,0.9991034731041681,101318.0,65.9000015258789,28.700000762939453
2015-07-20 02:36:32.648024,28.8,101325,0.49953975983734966,101315.0,65.9000015258789,28.700000762939453
2015-07-20 02:37:33.290340,28.8,101318,0.9991034731041681,101318.0,65.9000015258789,28.700000762939453
2015-07-20 02:38:33.932627,28.8,101319,0.5827987152137848,101321.0,65.80000305175781,28.700000762939453
2015-07-20 02:39:34.574612,28.8,101321,0.24976688590363505,101318.0,65.5999984741211,28.799999237060547
2015-07-20 02:40:35.177952,28.8,101315,0.5827987152137848,101316.0,65.5999984741211,28.700000762939453
2015-07-20 02:41:35.793948,28.8,101312,1.1656300342859527,101308.0,65.69999694824219,28.700000762939453
2015-07-20 02:42:36.435998,28.8,101308,1.5819580831411673,101306.0,65.80000305175781,28.799999237060547
2015-07-20 02:43:42.134360,28.8,101306,1.3321592573399588,101309.0,65.9000015258789,28.700000762939453
2015-07-20 02:44:42.776753,28.8,101303,1.3321592573399588,101306.0,65.9000015258789,28.700000762939453
2015-07-20 02:45:45.947222,28.8,101306,1.4154248670991898,101303.0,65.80000305175781,28.700000762939453
2015-07-20 02:46:46.589434,28.8,101313,1.4154248670991898,101314.0,65.80000305175781,28.700000762939453
2015-07-20 02:47:47.194008,28.8,101304,1.5819580831411673,101308.0,65.9000015258789,28.700000762939453
2015-07-20 02:48:47.793793,28.8,101304,1.5819580831411673,101306.0,65.9000015258789,28.799999237060547
